Selected,Mass,SemiMajorAxis,StarMass,System,Planet,PlanetSolarMass,q,RE_Median,RE_upper,RE_lower,s_Median,s_upper,s_lower
True,0.26,0.0289,0.12,Alpha Centauri,Proxima Centauri d,7.8e-07,6.5000000000000004e-06,181244974344.84018,207855125121.2933,151855935445.71448,0.023853738013793983,0.020799920770852957,0.02847020843570615
True,0.77,0.0293,0.089,TRAPPIST-1,TRAPPIST-1 e,2.31e-06,2.595505617977528e-05,156088300985.59326,179004981785.60507,130778439755.25545,0.028081599579615,0.02448652056281675,0.03351629806520698
True,1.7,0.035,0.12,GJ 1061,GJ 1061 c,5.1e-06,4.25e-05,181244974344.84018,207855125121.2933,151855935445.71448,0.028888610051307596,0.02519021546643092,0.034479491185111254
True,0.93,0.0385,0.089,TRAPPIST-1,TRAPPIST-1 f,2.7900000000000004e-06,3.1348314606741577e-05,156088300985.59326,179004981785.60507,130778439755.25545,0.03689903016434053,0.03217512087605614,0.0440401868774904
True,25.3,0.0398,0.12,LP 890-9,LP 890-9 c,7.59e-05,0.0006325,181244974344.84018,207855125121.2933,151855935445.71448,0.03285047657262978,0.028644873587541447,0.03920810711906937
True,1.13,0.04,0.12,Alpha Centauri,Alpha Centauri B b,3.3899999999999997e-06,2.825e-05,181244974344.84018,207855125121.2933,151855935445.71448,0.033015554344351536,0.02878881767592105,0.03940513278298429
True,1.15,0.0469,0.089,TRAPPIST-1,TRAPPIST-1 g,3.45e-06,3.876404494382023e-05,156088300985.59326,179004981785.60507,130778439755.25545,0.044949727654742096,0.03919514724901384,0.053648954923488305
True,1.4,0.0496,0.168,Ross 128,Ross 128 b,4.2e-06,2.4999999999999994e-05,214451945701.98352,245937500708.7449,179678365926.81436,0.03460001292067307,0.030170429766786164,0.04129623538080485
True,4.0,0.053,0.177,Ross 508,Ross 508 b,1.2e-05,6.779661016949152e-05,220121256515.04242,252439172342.1764,184428392789.41617,0.036019564844346215,0.03140824698123862,0.04299051655086343
True,1.6,0.054,0.12,GJ 1061,GJ 1061 d,4.800000000000001e-06,4.000000000000001e-05,181244974344.84018,207855125121.2933,151855935445.71448,0.04457099836487457,0.038864903862493416,0.05319692925702879
True,1.3,0.0672,0.167,Wolf 1069,Wolf 1069 b,3.9e-06,2.3353293413173652e-05,213812743249.76355,245204451386.0573,179142810738.7495,0.04701757898715516,0.040998266904944576,0.056117002422534715
True,3.02,0.083,0.23,TOI-715,TOI-715 b,9.06e-06,3.9391304347826085e-05,250922304821.1373,287762390393.7262,210235022849.85312,0.04948384065181194,0.04314879137181802,0.0590605655491678
True,4.3,0.0843,0.25,Wolf 1061,Wolf 1061 c,1.29e-05,5.16e-05,261604586818.15073,300013031103.0551,219185163019.0642,0.04820663260684671,0.04203509480452066,0.05753617640584388
True,2.9,0.0911,0.29,GJ 273,GJ 273 b,8.7e-06,3e-05,281756762863.61365,323123923355.58435,236069645227.26074,0.04836916646656065,0.04217682065908801,0.057730165828434155
True,11.1,0.111,0.35,GJ 422,GJ 422 b,3.33e-05,9.514285714285716e-05,309534721448.19794,354980205595.0441,259343382338.49588,0.05364610335199305,0.046778190434605564,0.06402836080917257
True,268.0,0.136,0.37,Gliese 876,Gliese 876 c,0.000804,0.002172972972972973,318255715690.319,364981604838.97156,266650259361.93417,0.06392743387589052,0.055743278430137135,0.07629946158350327
True,7.4,0.137,0.44,TOI-2095,TOI-2095 c,2.22e-05,5.045454545454546e-05,347057703164.70404,398012262554.4233,290781978138.84717,0.059053202438770956,0.05149305870976205,0.07048190859040766
True,5.5,0.142,0.29,HN Lib,HN Lib b,1.65e-05,5.689655172413794e-05,281756762863.61365,323123923355.58435,236069645227.26074,0.07539430996983108,0.06574213538518657,0.08998554937033643
True,8.0,0.143,0.36,EPIC 201912552,EPIC 201912552 b,2.4e-05,6.666666666666667e-05,313925504181.7809,360015637323.66614,263022195622.87704,0.06814500259765796,0.05942090309456755,0.08133326637045941
True,24.2,0.1434,0.42,Gliese 3293,Gliese 3293 b,7.26e-05,0.00017285714285714287,339078298536.5123,388861332144.4544,284096441292.96216,0.06326648866509445,0.055166949134892805,0.07551060208043234
True,3.1,0.146,0.31,Gliese 581,Gliese 581 g,9.3e-06,3.0000000000000004e-05,291310539127.79443,334080372592.041,244074267903.7269,0.0749758217153491,0.0653772230795461,0.08948607009266067
True,5.0,0.162,0.45,Gliese 832,Gliese 832 c,1.5e-05,3.3333333333333335e-05,350979383610.6783,402509719009.31396,294067754502.00037,0.06904909375639888,0.06020925016455572,0.08241232843273866
True,17.2,0.163,0.4,GJ 687,GJ 687 b,5.16e-05,0.000129,330906536277.04694,379489802406.6369,277249737782.22046,0.07368970774147651,0.06425576074339705,0.0879510514349118
True,5.2,0.178,0.48,GJ 433,GJ 433 d,1.56e-05,3.2500000000000004e-05,362489948689.68036,415710250242.5866,303711870891.42896,0.07345960841618215,0.06405511932892434,0.08767642044214004
True,8.6,0.1939,0.42,Gliese 3293,Gliese 3293 c,2.58e-05,6.142857142857143e-05,339078298536.5123,388861332144.4544,284096441292.96216,0.08554652825775323,0.07459464042716676,0.10210255051182587
True,6.1,0.204,0.34,GJ 357,GJ 357 d,1.83e-05,5.382352941176471e-05,305080752241.5036,349872310437.7283,255611628325.59772,0.10003222624306193,0.08722584188627101,0.11939169994156897
True,6.04,0.22,0.31,Gliese 581,Gliese 581 d,1.812e-05,5.8451612903225805e-05,291310539127.79443,334080372592.041,244074267903.7269,0.11297726559847125,0.09851362381849413,0.13484202342729693
True,16.0,0.283,0.62,GJ 2056,GJ 2056 b,4.8e-05,7.741935483870968e-05,411975315296.74506,472460993842.3212,345173139895.7348,0.10276371975799875,0.08960764253587697,0.12265182586674098
True,20.0,0.291,0.6,GJ 96,GJ 96 b,6e-05,0.0001,405276083215.26807,464778189242.9361,339560194443.4374,0.1074154096709164,0.09366381107362613,0.1282037683473054
True,15.0,0.3,0.65,BD-11 4672,BD-11 4672 c,4.5e-05,6.923076923076924e-05,421824721413.01526,483756476920.22797,353425455772.5063,0.10639318293291307,0.09277245244681379,0.12698370764727265
True,7.6,0.309,0.43,GJ 180,GJ 180 d,2.28e-05,5.3023255813953486e-05,343091199147.0897,393463401589.55756,287458646387.32513,0.13473284394459156,0.11748399674963428,0.16080801038477946
True,7.0,0.33,0.4,Gliese 163,Gliese 163 f,2.1000000000000002e-05,5.25e-05,330906536277.04694,379489802406.6369,277249737782.22046,0.1491877518692469,0.13008834997129465,0.1780604108804963
True,19.0,0.335,0.66,HIP 71135,HIP 71135 b,5.7e-05,8.636363636363636e-05,425057142027.9158,487463477314.4925,356133736418.6543,0.11790224227131334,0.10280809223825191,0.14072014250178833
True,7.3,0.339,0.58,GJ 229,GJ 229 c,2.19e-05,3.775862068965518e-05,398464235332.06244,456966234736.6719,333852893944.99713,0.1272726030889,0.11097883522567806,0.15190397144466505
True,4.8,0.35,0.7,HD 20794,HD 20794 d,1.44e-05,2.0571428571428573e-05,437748201097.4197,502017821126.501,366766928614.8119,0.11961020912207238,0.10429740075478244,0.1427586562229614
True,667.0,0.36,0.49,HIP 79431,HIP 79431 b,0.002001,0.0040836734693877556,366246421545.411,420018243544.2771,306859228226.6899,0.14704615945148974,0.12822092975451144,0.17550435100918316
True,10.8,0.3753,0.81,HD 219134,HD 219134 g,3.24e-05,3.9999999999999996e-05,470888256272.6713,540023455985.49915,394533293434.3156,0.11922992762191625,0.1039658038759497,0.14230477794327934
True,54.0,0.435,0.7,Gliese 221,Gliese 221 c,0.000162,0.00023142857142857145,437748201097.4197,502017821126.501,366766928614.8119,0.14865840276600426,0.12962676950951532,0.1774286155913949
True,11.0,0.439,0.77,HD 103949,HD 103949 b,3.3e-05,4.2857142857142856e-05,459114186581.54065,526520732736.5747,384668399947.405,0.14304358401084266,0.12473077437522967,0.170727147662313
True,117.6,0.477,0.7,HD 93083,HD 93083 b,0.0003528,0.000504,437748201097.4197,502017821126.501,366766928614.8119,0.16301162786065293,0.14214245760008923,0.19455965433815026
True,264.0,0.492,0.62,HIP 34222,HIP 34222 b,0.0007920000000000001,0.0012774193548387098,411975315296.74506,472460993842.3212,345173139895.7348,0.1786563608513618,0.15578431140512886,0.2132321495633801
True,4418.0,0.5,0.595,FN Lyr,FN Lyr b,0.013254,0.02227563025210084,403583900111.76483,462837562022.90845,338142400382.90247,0.18533641017597405,0.16160916353593435,0.22120500465730839
True,9.4,0.528,0.82,HD 216520,HD 216520 c,2.82e-05,3.4390243902439025e-05,473786057508.3323,543346708619.6326,396961213540.6122,0.16671559306117853,0.14537223159460436,0.19898045669778824
True,67.0,0.533,0.8,HD 8326,HD 8326 b,0.000201,0.00025125,467972511480.90436,536679625345.7519,392090339336.0005,0.17038503227852134,0.14857189971161205,0.2033600511789338
True,215.0,0.534,0.83,HD 37124,HD 37124 b,0.0006450000000000001,0.0007771084337349399,476666242441.25,546649758548.4272,399374373843.81995,0.16759128703452006,0.14613581696032288,0.2000256258001112
True,7.0,0.6,0.77,HD 40307,HD 40307 g,2.1000000000000002e-05,2.7272727272727276e-05,459114186581.54065,526520732736.5747,384668399947.405,0.1955037594681221,0.1704748624718401,0.23334006514211345
True,40.4,0.603,0.89,Kepler-35,Kepler-35 (AB) b,0.0001212,0.00013617977528089889,493594547220.3796,566063454959.4666,413557738469.7206,0.18275595376274195,0.15935906382758558,0.2181251464019067
True,18.43,0.63,0.86,HD 69830,HD 69830 d,5.529e-05,6.429069767441861e-05,485204226964.6628,556441278825.4039,406527916342.36694,0.1942408407414719,0.1693736258673649,0.23183273076272623
True,17.0,0.633,0.84,Kepler-1661,Kepler-1661 b,5.1e-05,6.0714285714285715e-05,479529128496.72894,549932969801.1562,401773040298.43884,0.19747553192712297,0.17219420352025994,0.23569343939578716
True,270.0,0.64,0.92,HD 155358,HD 155358 b,0.0008100000000000001,0.0008804347826086957,501844609642.2746,575524780787.4524,420470045699.70624,0.19078107239252795,0.1663567860118285,0.22770338524980355
True,105.0,0.68,0.74,BD-08 2823,BD-08 2823 c,0.000315,0.0004256756756756757,450081549432.0049,516161935579.97125,377100413199.9506,0.22601760998748405,0.19708225091759887,0.2697593334328882
True,59.5,0.681,0.82,HD 45364,HD 45364 b,0.0001785,0.0002176829268292683,473786057508.3323,543346708619.6326,396961213540.6122,0.2150252251414064,0.1874971396134954,0.25663956630907914
True,67.0,0.6873,0.85,HD 218566,HD 218566 b,0.000201,0.00023647058823529412,482375023680.33545,553196695604.362,404157470966.65027,0.21315037762505384,0.18586231492585048,0.25440187511179774
True,509.0,0.699,0.94,HAT-P-44,HAT-P-44 c,0.0015270000000000001,0.0016244680851063833,507270114450.4282,581746851136.2795,425015799924.8128,0.20614009615554116,0.1797495078235455,0.24603487726372134
True,105.8,0.705,0.69,Kepler-16,Kepler-16 (AB) b,0.0003174,0.00046000000000000007,434610180702.4948,498419080669.404,364137741106.3494,0.2426687186530894,0.21160164158044487,0.2896329706012532
True,852.0,0.706,0.87,HIP 109600,HIP 109600 b,0.002556,0.0029379310344827586,488017028655.9147,559667052392.8639,408884619658.3753,0.21641845887642483,0.18871200796188192,0.2583024358690909
True,0.815,0.723,1.0,Sun,Venus,2.445e-06,2.445e-06,523209173636.30145,600026062206.1102,438370326038.1284,0.20672239249555263,0.18025725707988396,0.24672986679374334
True,48.0,0.771,0.905,55 Cancri,55 Cancri f,0.000144,0.00015911602209944752,497736671982.635,570813721077.6792,417028213900.9918,0.23172842710269184,0.20206195445355887,0.2765753785120344
True,467.0,0.777,0.86,BD+14 4559,BD+14 4559 b,0.0014010000000000001,0.0016290697674418606,485204226964.6628,556441278825.4039,406527916342.36694,0.2395637035811487,0.20889413856975006,0.28592703460736235
True,229.0,0.78,0.91,BD+55 362,BD+55 362 b,0.000687,0.0007549450549450549,499109741272.63354,572388382610.2513,418178638745.69836,0.23378849319763823,0.20385828555826152,0.2790341340781658
True,6.0,0.788,0.934,KIC 9632895,KIC 9632895 b,1.8e-05,1.9271948608137044e-05,505648575572.2916,579887240034.6615,423657195063.67865,0.23313206188506924,0.20328589228031713,0.2782506620587383
True,731.0,0.83,1.07,HD 12661,HD 12661 b,0.002193,0.0020495327102803738,541211777526.6759,620671784922.942,453453791188.61633,0.22942219410852593,0.20005097137283423,0.273822814783564
True,1042.0,0.83,1.1,HD 40979,HD 40979 A b,0.003126,0.0028418181818181815,548746410753.54614,629312643174.4622,459766676724.02325,0.22627208314135291,0.19730414576006428,0.2700630553790146
True,432.0,0.83,0.81,BD+45 564,BD+45 564 b,0.001296,0.0016,470888256272.6713,540023455985.49915,394533293434.3156,0.26368462543615906,0.22992703761534303,0.3147161356059735
True,5530.0,0.83,1.13,HD 202206,HD 202206 b,0.01659,0.014681415929203542,556178980631.4286,637836453269.1943,465994048576.1334,0.22324826683773638,0.1946674462413361,0.26645403274342316
True,33.1,0.859,1.0,Kepler-511,Kepler-511 b,9.93e-05,9.93e-05,523209173636.30145,600026062206.1102,438370326038.1284,0.24560793243939102,0.21416456961496586,0.29314101739394954
True,283.0,0.87,0.65,HD 128356,HD 128356 b,0.000849,0.0013061538461538462,421824721413.01526,483756476920.22797,353425455772.5063,0.3085402305054479,0.26904011209576,0.3682527521770907
True,152.6,0.875,1.13,HD 164509,HD 164509 b,0.0004578,0.0004051327433628319,556178980631.4286,637836453269.1943,465994048576.1334,0.23535208853375825,0.20522170537490256,0.2809003357234883
True,70.9,0.89,0.86,HD 137388,HD 137388 b,0.00021270000000000002,0.00024732558139534886,485204226964.6628,556441278825.4039,406527916342.36694,0.27440372739668256,0.23927385241580124,0.3275097307600418
True,458.0,0.89,0.78,HIP 5158,HIP 5158 b,0.001374,0.0017615384615384615,462085830462.4819,529928669496.8722,387158189046.2922,0.2881322898269212,0.2512448487720766,0.34389521439725956
True,209.0,0.897,0.82,HD 45364,HD 45364 c,0.0006270000000000001,0.0007646341463414635,473786057508.3323,543346708619.6326,396961213540.6122,0.28322705866643394,0.24696759799310625,0.3380406622309016
True,190.7,0.92,0.96,HD 43197,HD 43197 b,0.0005721,0.0005959375,512638201660.8733,587903073910.5792,429513446868.36523,0.26847350715752544,0.23410283431134954,0.32043182095065204
True,165.9,0.921,1.08,mu Arae,mu Arae d,0.0004977,0.00046083333333333333,543734923034.52057,623565375363.8799,455567806337.14343,0.253394379592898,0.22095417566269407,0.3024343941094045
True,64.0,0.93,1.05,HD 117618,HD 117618.02,0.000192,0.00018285714285714286,536129864254.9588,614843751771.8622,449195914817.0359,0.2595000969050481,0.22627822325089628,0.30972176535603635
True,632.0,0.947,0.78,HD 20868,HD 20868 b,0.0018960000000000001,0.0024307692307692307,462085830462.4819,529928669496.8722,387158189046.2922,0.30658570614167907,0.2673358109968051,0.3659199640833762
True,203.0,0.949,0.865,HD 63765,HD 63765 b,0.0006090000000000001,0.0007040462427745666,486612660194.18555,558056496384.9841,407707970831.35425,0.29174766176193845,0.2543973714400977,0.34821027782685793
True,10711.0,0.97,1.1,HD 148284,HD 148284 b,0.032133,0.029211818181818183,548746410753.54614,629312643174.4622,459766676724.02325,0.2644384586109787,0.23058436311718356,0.3156158599007761
True,9.95,0.971,0.86,Kepler-1600,Kepler-1600 b,2.9849999999999997e-05,3.4709302325581395e-05,485204226964.6628,556441278825.4039,406527916342.36694,0.2993775497777289,0.261050461455891,0.3573167961438209
True,391.0,0.99,1.2,HD 148164,HD 148164 b,0.001173,0.0009775,573146933388.4791,657295618722.5691,480210632223.9544,0.2584007661045144,0.2253196316230836,0.30840967846160966
True,232.0,1.0,1.09,HD 159868,HD 159868 c,0.000696,0.000638532110091743,546246414103.67883,626445600276.6418,457672056824.91125,0.27386464906783403,0.23880378828904478,0.3268663233252568
True,1.0,1.0,1.0,Sun,Earth,3e-06,3e-06,523209173636.30145,600026062206.1102,438370326038.1284,0.2859230878223411,0.2493184745226611,0.34125846029563395
True,108.1,1.02,1.085,HD 38283,HD 38283 b,0.00032429999999999997,0.00029889400921658985,544992115286.3056,625007146942.6005,456621143711.7108,0.27998484725410544,0.24414046287240557,0.3341709779638806
True,261.0,1.02,0.92,HD 155358,HD 155358 c,0.0007830000000000001,0.0008510869565217391,501844609642.2746,575524780787.4524,420470045699.70624,0.30405733412559144,0.26513112770635167,0.36290227024187444
True,1812.0,1.03,1.24,HD 28185,HD 28185 b,0.005436,0.004383870967741935,582621078255.5889,668160745184.082,488148535807.4538,0.26446950810551223,0.23061143757511127,0.31565291847753596
True,696.0,1.03,1.08,HD 73526,HD 73526 c,0.002088,0.0019333333333333331,543734923034.52057,623565375363.8799,455567806337.14343,0.28338350812235064,0.24710401838498902,0.33822738972061517
True,369.0,1.03,1.0,HD 100777,HD 100777 b,0.0011070000000000001,0.0011070000000000001,523209173636.30145,600026062206.1102,438370326038.1284,0.2945007804570114,0.2567980287583409,0.351496214104503
True,515.0,1.05,1.09,HD 142415,HD 142415 b,0.001545,0.0014174311926605503,546246414103.67883,626445600276.6418,457672056824.91125,0.28755788152122574,0.25074397770349705,0.34320963949151967
True,432.0,1.051,1.0,HD 108874,HD 108874 b,0.001296,0.001296,523209173636.30145,600026062206.1102,438370326038.1284,0.3005051653012805,0.26203371672331677,0.3586626417707113
True,1011.0,1.07,0.93,WASP-41,WASP-41 c,0.003033,0.003261290322580645,504564654549.6214,578644179140.956,422749032829.43274,0.31724262061352815,0.27662839971174924,0.37863933645677883
True,69.9,1.09,1.048,Kepler-34,Kepler-34 (AB) b,0.00020970000000000003,0.00020009541984732825,535619021009.6036,614257907187.4014,448767905272.6612,0.3044353514947691,0.2654607503141104,0.36335344620794663
True,391.0,1.1,1.09,HD 210277,HD 210277 b,0.001173,0.0010761467889908256,546246414103.67883,626445600276.6418,457672056824.91125,0.30125111397461746,0.2626841671179493,0.3595529556577825
True,2892.0,1.1,1.25,HD 33564,HD 33564 b,0.008676,0.0069408,584965639351.1304,670849531682.1898,490112924170.0006,0.28131112271125475,0.2452969451148567,0.33575393065189824
True,159.5,1.105,0.93,HD 99109,HD 99109 b,0.00047850000000000003,0.0005145161290322581,504564654549.6214,578644179140.956,422749032829.43274,0.3276197156803258,0.28567699222568493,0.3910247353128417
True,496.0,1.13,0.78,HIP 109384,HIP 109384 b,0.001488,0.0019076923076923075,462085830462.4819,529928669496.8722,387158189046.2922,0.365830884836428,0.3189962686656702,0.4366310025493295
True,858.0,1.13,0.8,HD 164604,HD 164604 b,0.002574,0.0032175,467972511480.90436,536679625345.7519,392090339336.0005,0.3612290552996793,0.3149835772497591,0.43113857004164197
True,919.0,1.13,1.02,HD 165155,HD 165155 b,0.002757,0.002702941176470588,528415363293.6168,605996617839.6561,442732327265.3472,0.31990982846298227,0.27895414471305513,0.3818227353593491
True,2946.0,1.15,0.89,TOI-4600,TOI-4600 c,0.008838,0.009930337078651685,493594547220.3796,566063454959.4666,413557738469.7206,0.3485395469770369,0.3039186126065065,0.4159932311147474
True,28.0,1.151,1.02,HD 1461,HD 1461 d,8.400000000000001e-05,8.23529411764706e-05,528415363293.6168,605996617839.6561,442732327265.3472,0.3258550553636218,0.2841382482873686,0.38891855610496534
True,429.0,1.16,1.2,HD 27442,HD 27442 A b,0.001287,0.0010725,573146933388.4791,657295618722.5691,480210632223.9544,0.302772614829532,0.26401088149775453,0.3613689161772396
True,24.0,1.18,0.8,Gliese 785,Gliese 785 c,7.2e-05,8.999999999999999e-05,467972511480.90436,536679625345.7519,392090339336.0005,0.37721264181736425,0.3289209036767396,0.4502154979195907
True,4609.0,1.186,1.22,HAT-P-13,HAT-P-13 c,0.013827,0.01133360655737705,577903421031.7164,662750447678.7748,484195851031.32135,0.30701104439196575,0.2677066963440684,0.36642761905277077
True,184.3,1.19,1.0,HD 44219,HD 44219 b,0.0005529,0.0005529,523209173636.30145,600026062206.1102,438370326038.1284,0.3402484745085859,0.2966889846819667,0.4060975677518044
True,798.0,1.19,1.28,HD 75898,HD 75898 b,0.002394,0.0018703124999999998,591943607451.5817,678851995959.3628,495959408340.0294,0.3007400045167491,0.26223849121496295,0.3589429299758303
True,400.0,1.19,1.09,HD 188015,HD 188015 A b,0.0012000000000000001,0.0011009174311926607,546246414103.67883,626445600276.6418,457672056824.91125,0.3258989323907225,0.2841765080639633,0.3889709247570556
True,8264.0,1.19,0.76,BD+26 1888,BD+26 1888 b,0.024792,0.032621052631578946,456123182842.8126,523090593729.4168,382162390209.4357,0.39029176738863186,0.34032560576062626,0.46582585764415185
True,105.0,1.2,0.96,HD 564,HD 564 b,0.000315,0.000328125,512638201660.8733,587903073910.5792,429513446868.36523,0.3501828354228592,0.3053515230148037,0.4179545490660678
True,982.0,1.25,1.25,HD 221287,HD 221287 b,0.0029460000000000003,0.0023568,584965639351.1304,670849531682.1898,490112924170.0006,0.31967173035369856,0.27874652853960985,0.3815385575589752
True,340.0,1.25,1.04,HD 20367,HD 20367 b,0.00102,0.0009807692307692308,533570757212.4513,611908919970.6388,447051769329.68964,0.35046331831558203,0.30559609776207564,0.4182893144774197
True,159.0,1.26,1.23,HD 31253,HD 31253 b,0.000477,0.0003878048780487805,580267044070.1705,665461094769.3953,486176210425.2462,0.3248382893360906,0.2832516512767486,0.38770501293963766
True,950.0,1.26,0.98,HD 109286,HD 109286 b,0.00285,0.0029081632653061226,517950656520.134,593995496464.4424,433964482297.5257,0.36392067773455355,0.31733061121810646,0.43435110854218134
True,868.0,1.28,1.12,HD 153950,HD 153950 b,0.002604,0.002325,553712542843.7062,635007896301.8959,463927545938.87616,0.34582006147181493,0.3015472826701506,0.4127474371378546
True,104.9,1.282,0.87,HD 215497,HD 215497 c,0.0003147,0.0003617241379310345,488017028655.9147,559667052392.8639,408884619658.3753,0.392986493313848,0.3426753459024542,0.4690421002608705
True,216.0,1.3,1.31,HD 96167,HD 96167 b,0.000648,0.0004946564885496183,598840270509.6808,686761218093.8931,501737771154.92834,0.3247558102404586,0.2831797313682879,0.3876065714692537
True,64.0,1.3,1.11,HD 24040,HD 24040 c,0.000192,0.00017297297297297297,551235069374.828,632166683409.1255,461851797066.28864,0.3528020404698648,0.30763541065659944,0.42108065507012393
True,629.0,1.32,0.99,HD 171028,HD 171028 b,0.001887,0.001906060606060606,520586554747.0561,597018393831.6349,436172967208.2708,0.3793198404826163,0.3307583333181796,0.45273050773400536
True,385.0,1.32,0.92,HD 147513,HD 147513 A b,0.001155,0.0012554347826086957,501844609642.2746,575524780787.4524,420470045699.70624,0.3934859618095889,0.3431108711493963,0.4696382320777198
True,1656.0,1.33,0.82,HD 240210,HD 240210 b,0.004968,0.0060585365853658545,473786057508.3323,543346708619.6326,396961213540.6122,0.41994647494577164,0.3661838409485299,0.5012197110001105
True,2463.0,1.35,0.99,HD 222582,HD 222582 A b,0.007389000000000001,0.007463636363636364,520586554747.0561,597018393831.6349,436172967208.2708,0.3879407459481303,0.33827556816632004,0.46301983745523273
True,92.2,1.36,0.89,HD 7199,HD 7199 b,0.0002766,0.0003107865168539326,493594547220.3796,566063454959.4666,413557738469.7206,0.4121858990337133,0.359416794038999,0.49195721244874485
True,394.0,1.36,1.03,WASP-47,WASP-47 c,0.001182,0.0011475728155339808,530999316909.63306,608959944155.909,444897290431.5088,0.3831506100389107,0.3340986778468335,0.4573026551967549
True,385.0,1.37,0.92,HD 65216,HD 65216 b,0.001155,0.0012554347826086957,501844609642.2746,575524780787.4524,420470045699.70624,0.40839073309025514,0.3561074950565704,0.4874275590503608
True,953.0,1.37,1.1,HD 125612,HD 125612 b,0.002859,0.002599090909090909,548746410753.54614,629312643174.4622,459766676724.02325,0.3734852456670525,0.32567069842323865,0.44576672996295186
True,454.0,1.397,1.02,HD 20782,HD 20782 b,0.001362,0.0013352941176470587,528415363293.6168,605996617839.6561,442732327265.3472,0.3954991419139702,0.3448663187293257,0.47204102769646966
True,301.0,1.4,1.08,Kepler-68,Kepler-68 d,0.000903,0.0008361111111111111,543734923034.52057,623565375363.8799,455567806337.14343,0.3851814673507678,0.3358695395524122,0.4597265491348167
True,534.0,1.42,1.34,HD 19994,HD 19994 A b,0.0016020000000000001,0.0011955223880597014,605658406005.7477,694580383352.1394,507450339724.03503,0.35073989735451444,0.3058372684370175,0.41861942051290985
True,23.3,1.43,1.06,HD 10180,HD 10180 g,6.99e-05,6.59433962264151e-05,538676813813.0806,617764641142.6969,451329874167.24536,0.39712966568042535,0.34628809862552684,0.4739871105897885
True,477.0,1.44,1.03,HD 331093,HD 331093 b,0.001431,0.0013893203883495145,530999316909.63306,608959944155.909,444897290431.5088,0.40568888121767016,0.35375154124958835,0.48420281138479926
True,454.0,1.44,0.95,HD 133131,HD 133131 A b,0.001362,0.0014336842105263157,509961221475.04736,584833062984.8506,427270541476.0492,0.4224252937925727,0.3683453149946078,0.5041782615300934
True,153.0,1.49,1.04,HD 210193,HD 210193 b,0.000459,0.0004413461538461538,533570757212.4513,611908919970.6388,447051769329.68964,0.41775227543217375,0.36427054853239416,0.49860086285708427
True,795.0,1.5,1.1,HD 23079,HD 23079 b,0.002385,0.002168181818181818,548746410753.54614,629312643174.4622,459766676724.02325,0.40892545146027637,0.3565737573977065,0.48806576273315894
True,533.0,1.5,1.08,mu Arae,mu Arae b,0.001599,0.0014805555555555555,543734923034.52057,623565375363.8799,455567806337.14343,0.4126944293043941,0.35986022094901315,0.49256415978730367
True,369.0,1.51,0.93,HD 48265,HD 48265 b,0.0011070000000000001,0.0011903225806451615,504564654549.6214,578644179140.956,422749032829.43274,0.4476975300246986,0.39038213417265544,0.5343414935044262
True,3083.0,1.52,1.1,HD 141937,HD 141937 b,0.009249,0.008408181818181818,548746410753.54614,629312643174.4622,459766676724.02325,0.41437779081308007,0.36132807416300927,0.4945733062362678
True,0.1074,1.524,1.0,Sun,Mars,3.222e-07,3.222e-07,523209173636.30145,600026062206.1102,438370326038.1284,0.4357467858412479,0.3799613551725355,0.5200778934905461
True,1526.0,1.55,1.16,HD 27969,HD 27969 b,0.0045780000000000005,0.0039465517241379314,563513525727.2273,646247846711.1687,472139290454.5215,0.4114830297649232,0.35880390791210987,0.49111831522542776
True,2371.0,1.58,1.44,HD 60532,HD 60532 c,0.007113,0.004939583333333334,627851008363.5618,720031274647.3323,526044391245.7541,0.3764653989660825,0.32826932478817045,0.4493236393892514
True,1589.0,1.6,1.043,KIC 7177553,KIC 7177553 A(ab) b,0.004767,0.004570469798657719,534339776238.30347,612790845367.0089,447696091214.8534,0.447947434664043,0.39060004537364307,0.5346397627805904
True,563.0,1.72,1.11,16 Cygni,16 Cygni B b,0.001689,0.0015216216216216215,551235069374.828,632166683409.1255,461851797066.28864,0.46678423816012876,0.40702531256103924,0.5571220974773947
True,477.0,1.76,1.07,HD 176051,HD 176051 b,0.001431,0.0013373831775700933,541211777526.6759,620671784922.942,453453791188.61633,0.4864856164228984,0.4242044694170943,0.580636330143461
True,1939.0,1.76,1.0,HD 70573,HD 70573 b,0.005817,0.005817,523209173636.30145,600026062206.1102,438370326038.1284,0.5032246345673204,0.4388005151598835,0.6006148901203158
True,1433.0,1.82,1.18,38 Vir,38 Vir b,0.004299,0.003643220338983051,568350640419.3402,651795140274.4221,476192062560.8059,0.47904863792305596,0.41771959214201876,0.5717600555780266
True,235.0,1.88,1.25,HD 156411,HD 156411 b,0.000705,0.000564,584965639351.1304,670849531682.1898,490112924170.0006,0.48078628245196264,0.41923477892357325,0.5738339905686987
True,569.0,1.92,1.02,HD 45350,HD 45350 b,0.001707,0.0016735294117647059,528415363293.6168,605996617839.6561,442732327265.3472,0.5435636023441823,0.4739751839372265,0.6487607538849117
True,1783.0,1.98,1.09,HD 132406,HD 132406 b,0.0053490000000000005,0.0049073394495412846,546246414103.67883,626445600276.6418,457672056824.91125,0.5422520051543114,0.4728315008123087,0.6471953201840085
True,299.0,2.02,1.11,HD 10647,HD 10647 b,0.000897,0.0008081081081081081,551235069374.828,632166683409.1255,461851797066.28864,0.5482000936531745,0.47801809963563907,0.6542945563397311
True,1430.0,2.03,1.22,HD 213240,HD 213240 A b,0.00429,0.0035163934426229513,577903421031.7164,662750447678.7748,484195851031.32135,0.5254910793555568,0.4582163520897629,0.627190612712584
True,1630.0,2.03,1.29,HD 13908,HD 13908 c,0.00489,0.0037906976744186047,594251388552.4913,681498602471.9907,497892980617.82294,0.5110347208795804,0.44561073402011375,0.6099364809369129
True,238.0,2.05,1.22,HD 187085,HD 187085 b,0.000714,0.0005852459016393443,577903421031.7164,662750447678.7748,484195851031.32135,0.5306683313689121,0.4627307989083813,0.6333698305718213
True,251.0,2.07,1.11,HD 197037,HD 197037 b,0.000753,0.0006783783783783783,551235069374.828,632166683409.1255,461851797066.28864,0.5617694029020154,0.48985023081473905,0.6704899661501204
True,604.0,2.07,1.1,HD 190647,HD 190647 b,0.001812,0.0016472727272727273,548746410753.54614,629312643174.4622,459766676724.02325,0.5643171230151813,0.492071785208835,0.6735307525717593
True,366.0,2.071,1.51,HD 5319,HD 5319 c,0.001098,0.0007271523178807947,642930196412.9108,737324369421.7098,538678475116.3446,0.48188216246865617,0.420190361545819,0.5751419588409145
True,200.0,2.075,1.07,HD 34445,HD 34445 b,0.0006000000000000001,0.0005607476635514019,541211777526.6759,620671784922.942,453453791188.61633,0.573555485271315,0.5001274284320856,0.6845570369589101
True,375.0,2.09,1.07,HD 141399,HD 141399 d,0.0011250000000000001,0.0010514018691588785,541211777526.6759,620671784922.942,453453791188.61633,0.5777016695021918,0.5037428074327994,0.68950564204536
True,1516.0,2.15,1.34,HD 16175,HD 16175 b,0.004548,0.0033940298507462684,605658406005.7477,694580383352.1394,507450339724.03503,0.5310498445860606,0.46306346981661095,0.633825178945603
True,369.0,2.15,1.06,HD 28254,HD 28254 b,0.0011070000000000001,0.0010443396226415096,538676813813.0806,617764641142.6969,451329874167.24536,0.5970830637852549,0.520642945485932,0.7126379634741575
True,2028.0,2.16,1.15,HD 10697,HD 10697 b,0.006084,0.005290434782608696,561079330650.9862,643456266288.2042,470099802343.4931,0.5759092530315013,0.5021798607551268,0.6873663349692681
True,1557.0,2.2,0.98,HD 2039,HD 2039 b,0.004671,0.004766326530612245,517950656520.134,593995496464.4424,433964482297.5257,0.6354170563619189,0.5540693211744716,0.7583908244387293
True,353.0,2.2,1.03,HD 9174,HD 9174 b,0.001059,0.0010281553398058252,530999316909.63306,608959944155.909,444897290431.5088,0.619802457415885,0.54045374357576,0.7397542951712212
True,213.0,2.24,1.14,HD 170469,HD 170469 b,0.000639,0.0005605263157894738,558634528909.5428,640652521943.2845,468051427447.7576,0.5998529762579903,0.5230582465989809,0.7159439436690366
True,667.0,2.25,1.09,HD 159868,HD 159868 b,0.002001,0.0018357798165137614,546246414103.67883,626445600276.6418,457672056824.91125,0.6161954604026265,0.5373085236503508,0.7354492274818278
True,1897.0,2.28,1.54,HD 224538,HD 224538 b,0.005691,0.003695454545454545,649285509341.5065,744612761106.6836,544003268221.97815,0.5253197294560166,0.4580669388475924,0.6269861010610969
True,436.0,2.31,1.23,HD 30562,HD 30562 b,0.0013080000000000001,0.0010634146341463415,580267044070.1705,665461094769.3953,486176210425.2462,0.5955368637828328,0.5192946940073725,0.7107925237226691
True,512.0,2.31,1.19,HD 221585,HD 221585 b,0.001536,0.0012907563025210086,570753825093.4863,654551157388.4957,478205568634.8939,0.6054631618552564,0.5279502017242295,0.7226398817742008
True,667.0,2.335,1.56,HD 10442,HD 10442 b,0.002001,0.0012826923076923078,653488048420.4766,749432311492.8062,547524361733.07306,0.5345321249393419,0.46609993963145785,0.6379813932643882
True,4132.0,2.38,1.02,HD 217786,HD 217786 b,0.012396,0.012152941176470589,528415363293.6168,605996617839.6561,442732327265.3472,0.6737923820724759,0.587531738422187,0.8041930178365052
True,1179.0,2.39,1.13,KELT-6,KELT-6 c,0.003537,0.0031300884955752215,556178980631.4286,637836453269.1943,465994048576.1334,0.642847418966494,0.5605484295383053,0.7672592027190138
True,477.0,2.4,1.13,HD 23127,HD 23127 b,0.001431,0.0012663716814159294,556178980631.4286,637836453269.1943,465994048576.1334,0.6455371571211654,0.5628938204568755,0.7704694922701394
True,728.0,2.42,1.09,HD 163607,HD 163607 c,0.002184,0.0020036697247706424,546246414103.67883,626445600276.6418,457672056824.91125,0.6627524507441583,0.5779051676594884,0.7910165024471214
True,17989.0,2.43,1.08,WASP-81,WASP-81 c,0.053967,0.04996944444444444,543734923034.52057,623565375363.8799,455567806337.14343,0.6685649754731186,0.5829735579374014,0.797953938855432
True,270.0,2.45,1.22,HD 148156,HD 148156 b,0.0008100000000000001,0.0006639344262295083,577903421031.7164,662750447678.7748,484195851031.32135,0.634213371636017,0.5530197352807484,0.7569541877565671
True,216.0,2.45,1.13,HD 8535,HD 8535 b,0.000648,0.0005734513274336284,556178980631.4286,637836453269.1943,465994048576.1334,0.6589858478945232,0.5746207750497272,0.7865209400257673
True,899.0,2.47,1.17,HD 196050,HD 196050 A b,0.002697,0.0023051282051282053,565937251001.648,649027420169.6626,474170006451.70166,0.6529098908555482,0.5693226777475474,0.7792690886284733
True,2816.0,2.53,1.27,Upsilon Andromedae,Upsilon Andromedae A d,0.008448,0.006651968503937008,589626793835.7452,676195030789.7456,494018268177.8927,0.6419007543239191,0.5597229593520084,0.7661293278257274
True,400.0,2.56,1.3,HD 216435,HD 216435 b,0.0012000000000000001,0.0009230769230769232,596550241966.5387,684134970546.4135,499819072841.37085,0.6419741109238074,0.5597869246502277,0.7662168813021571
True,509.0,2.6,1.51,kappa CrB,kappa CrB b,0.0015270000000000001,0.0010112582781456954,642930196412.9108,737324369421.7098,538678475116.3446,0.6049703633116881,0.5275204925249296,0.7220517107611674
True,947.0,2.6,1.33,HD 196885,HD 196885 A b,0.002841,0.0021360902255639098,603394254506.6628,691983812082.5798,505553322468.0961,0.6446095759164685,0.5620849905973764,0.7693623940776676
True,1338.0,2.708,1.19,HD 11506,HD 11506 b,0.004014,0.0033731092436974793,570753825093.4863,654551157388.4957,478205568634.8939,0.7097810572744737,0.6189130503329929,0.8471466665993662
True,483.0,2.72,1.221,KOI-2939,KOI-2939 b,0.001449,0.0011867321867321866,578140218182.007,663022011077.8699,484394251306.4088,0.7038178829486688,0.6137132970093082,0.8400294250208786
True,400.0,2.74,1.11,HD 94834,HD 94834 b,0.0012000000000000001,0.001081081081081081,551235069374.828,632166683409.1255,461851797066.28864,0.7435981468364843,0.6484007886146788,0.8875084576093383
True,604.0,2.77,1.69,HD 142245,HD 142245 b,0.001812,0.0010721893491124261,680171925727.1919,780033880867.9432,569881423849.5669,0.6092361178983731,0.5312401341752087,0.72714302693762
True,617.0,2.84,1.39,HIP 114933,HIP 114933 b,0.001851,0.0013316546762589929,616854518289.5901,707420294240.9366,516830992127.5786,0.6887477058395397,0.6005724429556861,0.8220426808379837
True,2225.0,2.86,1.42,HD 86264,HD 86264 b,0.006675,0.004700704225352113,623475686707.6676,715013573971.6628,522378532011.1275,0.6862321900924082,0.5983789700413816,0.8190403313696226
True,2574.0,2.88,1.27,HD 23596,HD 23596 b,0.0077220000000000006,0.006080314960629922,589626793835.7452,676195030789.7456,494018268177.8927,0.7307012539339476,0.6371549893018911,0.8721155984735552
True,324.0,2.95,1.17,HD 73534,HD 73534 b,0.000972,0.0008307692307692308,565937251001.648,649027420169.6626,474170006451.70166,0.779791165191849,0.6799602831397833,0.9307059965400795
True,4513.0,3.02,1.312,HD 8673,HD 8673 b,0.013539,0.010319359756097561,599297226143.1401,687285263357.553,502120631013.123,0.7538574841515356,0.6573466990288505,0.8997533087770181
True,318.0,3.2,1.0,HD 219415,HD 219415 b,0.000954,0.000954,523209173636.30145,600026062206.1102,438370326038.1284,0.9149538810314917,0.7978191184725155,1.0920270729460286
True,3108.0,3.27,1.33,HD 106270,HD 106270 b,0.009324,0.007010526315789474,603394254506.6628,691983812082.5798,505553322468.0961,0.810720505094943,0.7069299689436234,0.9676211648592205
True,168.0,3.48,1.2,HD 94771,HD 94771 b,0.000504,0.00042,573146933388.4791,657295618722.5691,480210632223.9544,0.9083178444885961,0.7920326444932636,1.0841067485317188
True,5626.0,3.69,1.48,HD 38529,HD 38529 A c,0.016878,0.011404054054054055,636511431380.638,729963209677.9431,533300518723.86835,0.8672508492721912,0.756223152232375,1.035091960452673
True,1166.0,3.73,1.04,HIP 56640,HIP 56640 b,0.0034980000000000002,0.0033634615384615387,533570757212.4513,611908919970.6388,447051769329.68964,1.0457825418536968,0.9118987557220337,1.2481753144006205
True,1901.0,3.8,1.3,HIP 67851,HIP 67851 c,0.005703,0.0043869230769230765,596550241966.5387,684134970546.4135,499819072841.37085,0.9529303209025266,0.8309337162776816,1.1373531831828894
True,1011.0,3.9,1.49,HD 18015,HD 18015 b,0.003033,0.002035570469798658,638658187665.3585,732425149920.8574,535099176507.1731,0.91352554939398,0.7965736455459008,1.0903223129033153
True,1052.0,4.1,1.35,HD 13167,HD 13167 b,0.003156,0.0023377777777777776,607914124822.9021,697167283864.4042,509340291665.1561,1.0089419923270497,0.8797746286411618,1.204204926057164
True,725.0,4.6,1.75,HD 145934,HD 145934 b,0.002175,0.0012428571428571428,692140678554.6328,793759870377.3699,579909432423.5951,0.9942326767314678,0.8669484376766827,1.186648881771332
True,753.0,4.6,1.74,HD 4732,HD 4732 c,0.002259,0.0012982758620689657,690160300594.214,791488735907.3616,578250174566.639,0.9970855740639164,0.8694360997130478,1.1900539070823972
True,3528.0,5.0,2.41,HIP 67537,HIP 67537 b,0.010584,0.004391701244813278,812239061421.5789,931490941199.664,680533752307.2369,0.9208962583087388,0.8030007372395943,1.0991194925738872
